{
 "vitamins":  [
	{
		"name": "Vitamin-A",
		"id": "vitamin-a",
		"inputName": "vitaminA",
		"rda": "900",
		"measurement": "mcg"
	},
	{
		"name": "Vitamin-B1",
		"id": "vitamin-b1",
		"inputName": "vitaminB1",
		"rda": "1.2",
		"measurement": "mg"
	},
	{
		"name": "Vitamin-B2",
		"id":   "vitamin-b2",
		"inputName": "vitaminB2",
		"rda": "1.3",
		"measurement": "mg"
	},
	{
		"name": "Vitamin-B3",
		"id": "vitamin-b3",
		"inputName": "vitaminB3",
		"rda": "16",
		"measurement": "mg"
	},
	{
		"name": "Vitamin-B5",
		"id": "vitamin-B5",
		"inputName": "vitaminB5",
		"rda": "5",
		"measurement": "mg"
	},
	{
		"name": "Vitamin-B6",
		"id": "vitamin-b6",
		"inputName": "vitaminB6",
		"rda": "1.3",
		"measurement": "mg"
	},
	{
		"name": "Vitamin-B7",
		"id": "vitamin-b7",
		"inputName": "vitaminB7",
		"rda": "30",
		"measurement": "mcg"
	},
	{
		"name": "Vitamin-B12",
		"id": "vitamin-b12",
		"inputName": "vitaminB12",
		"rda": "2.4",
		"measurement": "mcg"
	},
	{
		"name": "Calcium",
		"id": "calcium",
		"inputName": "calcium",
		"rda": "1000",
		"measurement": "mg"
	},
	{
		"name": "Choline",
		"id": "choline",
		"inputName": "choline",
		"rda": "550",
		"measurement": "mg"
	},
	{
		"name": "Chromium",
		"id": "chromium",
		"inputName": "chromium",
		"rda": "35",
		"measurement": "mcg"
	},
	{
		"name": "Copper",
		"id": "copper",
		"inputName": "copper",
		"rda": "900",
		"measurement": "mcg"
	},
	{
		"name": "Fluoride",
		"id": "fluoride",
		"inputName": "fluoride",
		"rda": "4",
		"measurement": "mg"
	},
	{
		"name": "Folic Acid",
		"id": "folic-acid",
		"inputName": "folicAcid",
		"rda": "400",
		"measurement": "mcg"
	},
	{
		"name": "Iodine",
		"id": "iodine",
		"inputName": "iodine",
		"rda": "150",
		"measurement": "mcg"
	},
	{
		"name": "Iron",
		"id": "iron",
		"inputName": "iron",
		"rda": "8",
		"measurement": "mg"
	},
	{
		"name": "Magnesium",
		"id": "magnesium",
		"inputName": "magnesium",
		"rda": "400",
		"measurement": "mg"
	},
	{
		"name": "Manganese",
		"id": "manganese",
		"inputName": "manganese",
		"rda": "2.3",
		"measurement": "mg"
	},
	{
		"name": "Molybdenum",
		"id": "molybdenum",
		"inputName": "molybdenum",
		"rda": "45",
		"measurement": "mcg"
	},
	{
		"name": "Phosphorus",
		"id": "phosphorus",
		"inputName": "phosphorus",
		"rda": "700",
		"measurement": "mg"
	},
	{
		"name": "Potassium",
		"id": "potassium",
		"inputName": "potassium",
		"rda": "4700",
		"measurement": "mg"
	},
	{
		"name": "Selenium",
		"id": "selenium",
		"inputName": "selenium",
		"rda": "55",
		"measurement": "mcg"
	},
	{
		"name": "Salt",
		"id": "salt",
		"inputName": "salt",
		"rda": "500",
		"measurement": "mg"
	},
	{
		"name": "Vitamin-D3",
		"id": "vitamin-d3",
		"inputName": "vitaminD3",
		"rda": "10000",
		"iuValue": "10000",		
		"measurement": "mcg"
	},
	{
		"name": "Vitamin-D3",
		"id": "vitamin-d3",
		"inputName": "vitaminD3",
		"rda": "10000",
		"iuValue": "10000",		
		"measurement": "mcg"
	},
	{
		"name": "Vitamin-E",
		"id": "vitamin-e",
		"inputName": "vitaminE",
		"rda": "15",
		"measurement": "mg"
	},
	{
		"name": "Vitamin-K",
		"id": "vitamin-k",
		"inputName": "vitaminK",
		"rda": "120",
		"measurement": "mcg"
	},
	{
		"name": "Zinc",
		"id": "zinc",
		"inputName": "zinc",
		"rda": "11",
		"measurement": "mg"
	}
]
}